"relative_path","size_bytes","sha256"
"archive/study_01_published/step3_campaign_v1_bundle.tar.gz","14456","2216f92a3b935dd788fd6da4efe99fc85be7df86551a1787ed1ecaf9c01f4a8b"
"data/study_01_published/manifests/DATASET_STATE_STEP3_CAMPAIGN_V1.txt","827","00483c4e0715359ef9648c665a4a795f0c33562cf8a3292b46004775b9eaed79"
"data/study_01_published/manifests/excluded_blocks_step3_campaign_v1.csv","191","b06983f304b81a6207df7150cd25ee7a939cdcf9e4218a73bca296aa249ffd0b"
"data/study_01_published/raw/accepted/trust_step1_step3_dataset_none_s0_seed1_run1.csv","699","dfef93447feed58cc0dd02d06f719722aead4190339c32b78a025cd2202e8cdd"
"data/study_01_published/raw/accepted/trust_step1_step3_dataset_none_s0_seed1_run2.csv","699","adb7be0ec5ab3ce9a364c291d6f7666e67c6f191066321b2523297144c06d8d2"
"data/study_01_published/raw/accepted/trust_step1_step3_dataset_none_s0_seed1_run3.csv","699","4fc45baa375645d21853f774bd817f140103cf86617051ff5c386470a5d2077e"
"data/study_01_published/raw/accepted/trust_step1_step3_dataset_none_s0_seed1_run4.csv","699","8fb7d469887db57ddfdce7415be353a900c611c966fc8ae2851c23d3498e9d7b"
"data/study_01_published/raw/accepted/trust_step1_step3_dataset_none_s0_seed1_run5.csv","699","6537e82ff912410f209744e898bad80c79c29aabf328078451338258ddd94b03"
"data/study_01_published/raw/accepted/trust_step1_step3_dataset_none_s0_seed2_run1.csv","699","2463f8e31a55f9995920775a7ce3ecf4b4d46197d6d2550db50dfc0bd5ee3bc4"
"data/study_01_published/raw/accepted/trust_step1_step3_dataset_none_s0_seed2_run2.csv","699","358c9cd94b0a18bb87aad189ebce9938df290150de9804129576ca9fa91add3c"
"data/study_01_published/raw/accepted/trust_step1_step3_dataset_none_s0_seed2_run3.csv","699","94dfcfb05d87eff7aa6c2e2ba1d145c3884b1442328f3c67471dbf7d84a68411"
"data/study_01_published/raw/accepted/trust_step1_step3_dataset_none_s0_seed2_run4.csv","699","cc99b459e6aa99145d2cfb023f6e8b3f11f58dda23ea0a5dc6623b161dd5c3aa"
"data/study_01_published/raw/accepted/trust_step1_step3_dataset_none_s0_seed2_run5.csv","699","2886dc83831f4da16db09e2fe7a3465c110bde2bf8f29f4cb36b004ffc9809f4"
"data/study_01_published/raw/accepted/trust_step1_step3_dataset_none_s0_seed3_run1.csv","699","3824567b50c842f4bace6371fbeb9aad3c9e503c9d2a9a7c2e856ef9e6858817"
"data/study_01_published/raw/accepted/trust_step1_step3_dataset_none_s0_seed3_run2.csv","699","fe64a356ba20b862cc5deb0ba0902629b5d037f23f2785bd0467c0bba3e9bcb9"
"data/study_01_published/raw/accepted/trust_step1_step3_dataset_none_s0_seed3_run4.csv","700","8b6d0c826d9335d8b94783ea05420f355b3ee5fe33931600a4ee4ab194df1c33"
"data/study_01_published/raw/accepted/trust_step1_step3_dataset_none_s0_seed3_run5.csv","699","884c6dcee7e194b15fe67c5cdf0a9bdb836b05a8eebd3cc62142194e9bd2799c"
"data/study_01_published/raw/accepted/trust_step1_step3_dataset_none_s0_seed4_run1.csv","700","332df0ff2d7e40fab45dede7a303b609bc2ab5afd35e6a33c80bfa76ae1acd83"
"data/study_01_published/raw/accepted/trust_step1_step3_dataset_none_s0_seed4_run2.csv","699","ea14b6ad38882d7daf3c173f2dcb52396ea6aad3243a1e96206f8420d8530af9"
"data/study_01_published/raw/accepted/trust_step1_step3_dataset_none_s0_seed4_run3.csv","699","49e69496ee3417dbdf4f5912fe09568f09fa5256b700c682c0576d07da2f42b4"
"data/study_01_published/raw/accepted/trust_step1_step3_dataset_none_s0_seed4_run4.csv","699","e1a7172881918041b43abea0c7c394cd0bab54e8cf5d005da3a510ff8c77266c"
"data/study_01_published/raw/accepted/trust_step1_step3_dataset_none_s0_seed4_run5.csv","699","2e020976c966de5611976eac402717fd4bdc3575358f1bf13b9f56cf71877fd4"
"data/study_01_published/raw/accepted/trust_step1_step3_dataset_none_s0_seed5_run1.csv","699","2aae720c646070aebadac09c37b297ce094c16b43522d3e7d49768611c907c1e"
"data/study_01_published/raw/accepted/trust_step1_step3_dataset_none_s0_seed5_run2.csv","699","dea139afae26160715b5bcd6a1adb1187fb17631ae6695eda2d9ab311c274f7b"
"data/study_01_published/raw/accepted/trust_step1_step3_dataset_none_s0_seed5_run3.csv","699","7c7ba8dce133e8695e736aa7b78da16b6b7c0277cb4f185cf0f76eae40f000da"
"data/study_01_published/raw/accepted/trust_step1_step3_dataset_none_s0_seed5_run4.csv","699","4368e78bda12c0a01c571672e7e3a2737e53ecc8ec3c4c28c910c2350b13b14b"
"data/study_01_published/raw/accepted/trust_step1_step3_dataset_none_s0_seed5_run5.csv","699","40760db750e979400468667638c9242fc73d2e0eb5bb5ec176a3fa88f63223e6"
"data/study_01_published/raw/accepted/trust_step1_step3_dataset_none_s0_seed6_run1.csv","699","1f5557cdf7e5a380966b8af1d8230347ba3f0434913a896ed95965627333b467"
"data/study_01_published/raw/accepted/trust_step1_step3_dataset_none_s0_seed6_run2.csv","699","ae4fe472829d91c78edc08f4a7a9fe3e3c179f472325a781246ef48092e2eeb5"
"data/study_01_published/raw/accepted/trust_step1_step3_dataset_none_s0_seed6_run3.csv","699","a44b956e452db6a80b04dab1caba3e04092c88c82e8c0ebc0a9e40f9427376ad"
"data/study_01_published/raw/accepted/trust_step1_step3_dataset_none_s0_seed6_run4.csv","699","e34c5f1cf5726b73b1c27a76ab1baac8bd1c7a84151b2536253250a3370f7ac5"
"data/study_01_published/raw/accepted/trust_step1_step3_dataset_none_s0_seed6_run5.csv","699","6d73dc4bc0d3e9cd94e7e06e586d2eb46e370a33c5820b6715be45d2f3eb8522"
"data/study_01_published/raw/accepted/trust_step1_step3_dataset_none_s0_seed7_run1.csv","699","b8e2b2b9e02b399d8817d1149812f67c457346318c2b6293fbb7e027091f1038"
"data/study_01_published/raw/accepted/trust_step1_step3_dataset_none_s0_seed7_run3.csv","699","03e74067fcbb9185d87fb09693c42105e9dc3f8897661fad066cec724e3c8ea4"
"data/study_01_published/raw/accepted/trust_step1_step3_dataset_none_s0_seed7_run4.csv","699","7cf7db0b8efd7f33afdc6a4b15133c310b046a37db5966031bbb65936e896623"
"data/study_01_published/raw/accepted/trust_step1_step3_dataset_none_s0_seed7_run5.csv","699","be0e5ccd60c930cf33f20675e7b796792c1c33c96430a6522c71b2d41036bd3a"
"data/study_01_published/raw/accepted/trust_step1_step3_dataset_radio_degradation_s1_seed1_run1.csv","726","357eadd9e988ae97932ed959ef97a40829fe93bb905d5d9fdd08f639d6e3f620"
"data/study_01_published/raw/accepted/trust_step1_step3_dataset_radio_degradation_s1_seed1_run2.csv","725","b3dab5e6b411f3843d5b6080e073e32b989bab516d3d5042e2b5cc85342fd8b4"
"data/study_01_published/raw/accepted/trust_step1_step3_dataset_radio_degradation_s1_seed1_run3.csv","725","d6f403375d39f629ebce834ec85872983e7b2054cdebd6ee5f2ddcdef2591d28"
"data/study_01_published/raw/accepted/trust_step1_step3_dataset_radio_degradation_s1_seed1_run4.csv","725","eb5f28239f2ec52aeb1db841ff08c6d3fc2e5e33a650c5ba414caf4ea36ef21d"
"data/study_01_published/raw/accepted/trust_step1_step3_dataset_radio_degradation_s1_seed1_run5.csv","727","60c74345c8b866a48d29391cb5c9e2ae84d6b4011cdbe85be4162197bb94eb83"
"data/study_01_published/raw/accepted/trust_step1_step3_dataset_radio_degradation_s1_seed2_run1.csv","725","4a7470f30a9b87b4986d2bab2838d4e89e29928427e5513c4342dc3ba2e9bb0c"
"data/study_01_published/raw/accepted/trust_step1_step3_dataset_radio_degradation_s1_seed2_run2.csv","725","3e59db9ef015a327fd1d763527ded712852ac341d501140cc14664d2508399c4"
"data/study_01_published/raw/accepted/trust_step1_step3_dataset_radio_degradation_s1_seed2_run3.csv","726","1e7f7caaf96359fcbe193922175e45b9cf7a6e823431d5fca90580bb97c3e9bd"
"data/study_01_published/raw/accepted/trust_step1_step3_dataset_radio_degradation_s1_seed2_run4.csv","725","ccb04a3df55ae1245cacb64c43f696f9b9149a4a8f86c630448265bd0bbd9536"
"data/study_01_published/raw/accepted/trust_step1_step3_dataset_radio_degradation_s1_seed2_run5.csv","725","7374057e023af97c88e0bddfd4dc5ddaeb85a177a52b321f7f2f20b62a9df06d"
"data/study_01_published/raw/accepted/trust_step1_step3_dataset_radio_degradation_s1_seed3_run1.csv","725","908ca140cf0c3edc844a911ea67c4ce518bac5ea5dd33f78b558a6fa086d5ac2"
"data/study_01_published/raw/accepted/trust_step1_step3_dataset_radio_degradation_s1_seed3_run2.csv","726","bc4a8448b31c6bc95a528b7cccd678f65958c75c49f05754eb2792e786b8b4f8"
"data/study_01_published/raw/accepted/trust_step1_step3_dataset_radio_degradation_s1_seed3_run4.csv","723","0ff68b490b3710d7ff6e549b12b498a7a8d71371c13fe4e8741af6e99a315cd1"
"data/study_01_published/raw/accepted/trust_step1_step3_dataset_radio_degradation_s1_seed3_run5.csv","725","0e1ec883e1f8bfd3f8147743895d74525eccd5d593916ada54df41b0cf96304e"
"data/study_01_published/raw/accepted/trust_step1_step3_dataset_radio_degradation_s1_seed4_run1.csv","723","5f5704793efdea42b99831ed480f52c446d1085b1e801f0f3e3a7322768bbf83"
"data/study_01_published/raw/accepted/trust_step1_step3_dataset_radio_degradation_s1_seed4_run2.csv","725","9d4380274e838c9a231e2d5e1af7c83a9b891fe564a0abc08a6629b29854aae5"
"data/study_01_published/raw/accepted/trust_step1_step3_dataset_radio_degradation_s1_seed4_run3.csv","725","9d3f984d7653c3d0bc6fa873a6560f6bd363e275c35b407f9bc6d8693392bdf5"
"data/study_01_published/raw/accepted/trust_step1_step3_dataset_radio_degradation_s1_seed4_run4.csv","726","85e6d27e3d16f9002c941b258ed56c51102ca069838f655df99fff49da470f99"
"data/study_01_published/raw/accepted/trust_step1_step3_dataset_radio_degradation_s1_seed4_run5.csv","725","d6c65eee00cc672a49d8e232245c5d1caa0f39c993d909408fbce5d9bdfd28a5"
"data/study_01_published/raw/accepted/trust_step1_step3_dataset_radio_degradation_s1_seed5_run1.csv","725","b4025c19b6c0b8ce0e296092703f609adf300bb789a5a52dd5efcb8711cd6603"
"data/study_01_published/raw/accepted/trust_step1_step3_dataset_radio_degradation_s1_seed5_run2.csv","725","40878de09571bdcfbd4a00271b74358d2cc27b6e785a878142c6b98427119948"
"data/study_01_published/raw/accepted/trust_step1_step3_dataset_radio_degradation_s1_seed5_run3.csv","725","8f8e5ea88c568bcdf700beb1b17997f2fef9cf71d1312398a1a7748b3b9b880b"
"data/study_01_published/raw/accepted/trust_step1_step3_dataset_radio_degradation_s1_seed5_run4.csv","725","46c3f7ff21b2d583005408aaf0b5ce356f183554e21802ffa19c9779943a83de"
"data/study_01_published/raw/accepted/trust_step1_step3_dataset_radio_degradation_s1_seed5_run5.csv","725","bf5333e1a3287d6d0b7319c7aa06fe415419a961c07229ec938974ca86946003"
"data/study_01_published/raw/accepted/trust_step1_step3_dataset_radio_degradation_s1_seed6_run1.csv","725","7f45ea4b4f7c3224040d1235b631895dacb635b1b7bb9af06201adc5750a8e84"
"data/study_01_published/raw/accepted/trust_step1_step3_dataset_radio_degradation_s1_seed6_run2.csv","725","0be02d7a5d81470032b5957d99260819dc170e69e0343cae788c5cd601120c60"
"data/study_01_published/raw/accepted/trust_step1_step3_dataset_radio_degradation_s1_seed6_run3.csv","726","9070ebfd62597600987f5080a78c1f41857f6f7ad6ace7ff98b7cf4b9e35073f"
"data/study_01_published/raw/accepted/trust_step1_step3_dataset_radio_degradation_s1_seed6_run4.csv","725","621f1c0d071e0a3e6dcb4c5471817c37a88589e35d536621ce9f4f85aa9c25a5"
"data/study_01_published/raw/accepted/trust_step1_step3_dataset_radio_degradation_s1_seed6_run5.csv","725","cd6c1dfb9dbbf562e4a1b041b26a8f3a1fbefab283a4857635b803791aa75579"
"data/study_01_published/raw/accepted/trust_step1_step3_dataset_radio_degradation_s1_seed7_run1.csv","725","1abcdd911b9217862818de16fe9b7b82473053167c2e0e4dc0db01b43ef0ecad"
"data/study_01_published/raw/accepted/trust_step1_step3_dataset_radio_degradation_s1_seed7_run3.csv","725","6489529db9b8a0aaf7a59c977239f06b70124d7c9a039229d12c69285cb6c4ee"
"data/study_01_published/raw/accepted/trust_step1_step3_dataset_radio_degradation_s1_seed7_run4.csv","725","d289d6d9ffaeb724b64ac32e9c2543127eaa241773aac3116749f4ab78bcb541"
"data/study_01_published/raw/accepted/trust_step1_step3_dataset_radio_degradation_s1_seed7_run5.csv","726","e58af08ebe502165dd735ce1b2bfa9ab3239c29bace48f73e811c6bb9f7e562e"
"data/study_01_published/raw/accepted/trust_step1_step3_dataset_radio_degradation_s2_seed1_run1.csv","723","c5f4687562640d28290219a6a6bebd50eb02fcb0b64e8563ac8764c68456641e"
"data/study_01_published/raw/accepted/trust_step1_step3_dataset_radio_degradation_s2_seed1_run2.csv","726","baa7196f678a4150c7f3d283cc67d6c5150136ea1971823a459abe703af327fd"
"data/study_01_published/raw/accepted/trust_step1_step3_dataset_radio_degradation_s2_seed1_run3.csv","725","bf4bcd9ff329558d79aaf7cdd351a396335f6cbe2c829b65801959ef350a1c15"
"data/study_01_published/raw/accepted/trust_step1_step3_dataset_radio_degradation_s2_seed1_run4.csv","725","df5d9099ce64e11ec2bffe639a385ae5f0c7945a30b447e2fead2e5647552bdd"
"data/study_01_published/raw/accepted/trust_step1_step3_dataset_radio_degradation_s2_seed1_run5.csv","722","aac4dad96c5a0fda01e392c670f9056854ae905e7b2dcc412e296eb7b8209094"
"data/study_01_published/raw/accepted/trust_step1_step3_dataset_radio_degradation_s2_seed2_run1.csv","725","092cae25a6e7877907f546c2a5a9a63e4488e1fad8c8601b8213628703ff5fc5"
"data/study_01_published/raw/accepted/trust_step1_step3_dataset_radio_degradation_s2_seed2_run2.csv","725","644d3e38bbe30acce456216bc59a8ecb3b467be95a10694b30eb441396ae0711"
"data/study_01_published/raw/accepted/trust_step1_step3_dataset_radio_degradation_s2_seed2_run3.csv","723","c741e9685886290356b2855824fe215b46a23de9ac6fd8e74536197f09f33976"
"data/study_01_published/raw/accepted/trust_step1_step3_dataset_radio_degradation_s2_seed2_run4.csv","725","d935461df6f252b7ccbe8336060f75b906c16bb132383638e386a57548b2dffb"
"data/study_01_published/raw/accepted/trust_step1_step3_dataset_radio_degradation_s2_seed2_run5.csv","725","613532270195af6e0eb8e005128098d8c0034c2ccdf74ade8aa036beecb92965"
"data/study_01_published/raw/accepted/trust_step1_step3_dataset_radio_degradation_s2_seed3_run1.csv","725","3daba8e9190e23e50083c65b10237439628487cbc8564f106d2c90505efd96f3"
"data/study_01_published/raw/accepted/trust_step1_step3_dataset_radio_degradation_s2_seed3_run2.csv","723","8a25c583ad35f7b8dac36d79aabe201346705d1f7cea7614327a5938663c86e6"
"data/study_01_published/raw/accepted/trust_step1_step3_dataset_radio_degradation_s2_seed3_run4.csv","721","1b678d0f52e2a7862c5f5a9092072bb31f7f61fc73477970cc731b9090375295"
"data/study_01_published/raw/accepted/trust_step1_step3_dataset_radio_degradation_s2_seed3_run5.csv","725","96061a621c4b9f0104604fd5233dc8d82558fc5d0d3a539109080f3f2001df03"
"data/study_01_published/raw/accepted/trust_step1_step3_dataset_radio_degradation_s2_seed4_run1.csv","721","70c88b92ec33f898a54b3125fc63a767c662999035b3873da8df41620e1a284a"
"data/study_01_published/raw/accepted/trust_step1_step3_dataset_radio_degradation_s2_seed4_run2.csv","725","9f6265f55a1ca4e42b674bcb0985cd8282724c0458bc53759cd5660163de636c"
"data/study_01_published/raw/accepted/trust_step1_step3_dataset_radio_degradation_s2_seed4_run3.csv","726","c89f7d686d02056f7b5cac026e13a14570b3f544a5e609587d3be9b3d263f04c"
"data/study_01_published/raw/accepted/trust_step1_step3_dataset_radio_degradation_s2_seed4_run4.csv","724","6f4f3667ee1eded78dfcf82427095848ed72cff7123a054b7a713df49112aeda"
"data/study_01_published/raw/accepted/trust_step1_step3_dataset_radio_degradation_s2_seed4_run5.csv","725","f53fc40e832a685a72d693813c1eb467cd668b6a70e479cbf8bb283f19ff25dc"
"data/study_01_published/raw/accepted/trust_step1_step3_dataset_radio_degradation_s2_seed5_run1.csv","725","59a6128aa61fae0e8d203ee64b68dd6b39d4f5581409e85be86edd352ade602a"
"data/study_01_published/raw/accepted/trust_step1_step3_dataset_radio_degradation_s2_seed5_run2.csv","726","a79fde62e8c05dd6bf97ea266cf57466dc7c8dc0f541c2cf0a684524dc364430"
"data/study_01_published/raw/accepted/trust_step1_step3_dataset_radio_degradation_s2_seed5_run3.csv","725","53d83410e88ce7e0b2c05e061935714a1bb6c985fe06eb48b7f75c2417e0a745"
"data/study_01_published/raw/accepted/trust_step1_step3_dataset_radio_degradation_s2_seed5_run4.csv","726","a4085e7c6881d85fab25ea0cb6fd3226f69c9f8f47611ee88fbe55d663e52344"
"data/study_01_published/raw/accepted/trust_step1_step3_dataset_radio_degradation_s2_seed5_run5.csv","725","eaae31caab2fd3bdc0d228ccfebf7f54e51f25bd3c6887031f00836be21a68df"
"data/study_01_published/raw/accepted/trust_step1_step3_dataset_radio_degradation_s2_seed6_run1.csv","725","f9c39dc0471732a83390934037672e4b3855c4f0b8c56a9064ea9401ff3c5dea"
"data/study_01_published/raw/accepted/trust_step1_step3_dataset_radio_degradation_s2_seed6_run2.csv","725","666d53738f8ee173d5c9dab93435fe692f0dfd9f62d3789172cd6fbd53fcbf13"
"data/study_01_published/raw/accepted/trust_step1_step3_dataset_radio_degradation_s2_seed6_run3.csv","723","38fdb828efc982f0bdab9f544534dd67722994542a85cb3d4dc6153d7bf1b9bc"
"data/study_01_published/raw/accepted/trust_step1_step3_dataset_radio_degradation_s2_seed6_run4.csv","725","e8b10df695b81225f39514678ae3d803541e0715f12b6a6e67724b7bd731a621"
"data/study_01_published/raw/accepted/trust_step1_step3_dataset_radio_degradation_s2_seed6_run5.csv","725","3a92dba72e38e7ae1fa3a3d541ce8e1386dde5b18d2d16460a68108cc6be5bd7"
"data/study_01_published/raw/accepted/trust_step1_step3_dataset_radio_degradation_s2_seed7_run1.csv","726","2f65d381f251dc48973a9b414bb2396ae1fea839e3ee980df2e3212a65153e8b"
"data/study_01_published/raw/accepted/trust_step1_step3_dataset_radio_degradation_s2_seed7_run3.csv","726","155552c0197ed0ea7ff57cb4f92630018579a2b8c05b6f7fd272e4738e52a796"
"data/study_01_published/raw/accepted/trust_step1_step3_dataset_radio_degradation_s2_seed7_run4.csv","725","01b7480beeb7be4b1a9b0d172f2086235a8f038dcdc212d9e557f408ebc505e7"
"data/study_01_published/raw/accepted/trust_step1_step3_dataset_radio_degradation_s2_seed7_run5.csv","723","d10fb488e5144a2172e9ad8294ca77896f305c4756c59a7f293095ba27a1d4c1"
"data/study_01_published/raw/accepted/trust_step1_step3_dataset_radio_degradation_s3_seed1_run1.csv","721","f0cc00bf32d9cbfac59e23932236b690887fba13bfe0dac2b31b03479e3b28bb"
"data/study_01_published/raw/accepted/trust_step1_step3_dataset_radio_degradation_s3_seed1_run2.csv","723","c06eec8d26da13299a762990dab07c33240f3993a021b5a6cecf732e5bbdf019"
"data/study_01_published/raw/accepted/trust_step1_step3_dataset_radio_degradation_s3_seed1_run3.csv","724","761ab9590d1b5ae86daeed3df9c247c0a29a9a33514b832b6367fd07773d0277"
"data/study_01_published/raw/accepted/trust_step1_step3_dataset_radio_degradation_s3_seed1_run4.csv","725","f68dde72f44628e263d2c5f33efd2e28e64be8c99610bee38396940d9342d486"
"data/study_01_published/raw/accepted/trust_step1_step3_dataset_radio_degradation_s3_seed1_run5.csv","712","6ecc5e76b4a0fe89705ade3c48c0dcd6e1d1ba766a53be999110cdfcef03b21e"
"data/study_01_published/raw/accepted/trust_step1_step3_dataset_radio_degradation_s3_seed2_run1.csv","725","6585d2b86bdeb1af50b5b6c3ef861a8642ea33a7ee107631da98b4d2ffde8191"
"data/study_01_published/raw/accepted/trust_step1_step3_dataset_radio_degradation_s3_seed2_run2.csv","725","b4b41bce0718206c5a4bd6399d0a413360c7e790c4f873967bd59f74225f3de7"
"data/study_01_published/raw/accepted/trust_step1_step3_dataset_radio_degradation_s3_seed2_run3.csv","721","b0ecfdc11376dd4122e786f9c4242b8510be015a8ac1b72b6b3cf3aebdd0032d"
"data/study_01_published/raw/accepted/trust_step1_step3_dataset_radio_degradation_s3_seed2_run4.csv","725","2481733a304b04eb240d1db15ff52b4f404ffe35e2779b32c27d6629cd4a1930"
"data/study_01_published/raw/accepted/trust_step1_step3_dataset_radio_degradation_s3_seed2_run5.csv","725","3a6d0f68ab06d59b59dcd0392298680933b3f355fa931ff225b2f30516973109"
"data/study_01_published/raw/accepted/trust_step1_step3_dataset_radio_degradation_s3_seed3_run1.csv","725","4425fcf7bc8fc0b217af0488adf1b49ab35d05c1b5248e603d37cf228d42a611"
"data/study_01_published/raw/accepted/trust_step1_step3_dataset_radio_degradation_s3_seed3_run2.csv","721","3caae16490a08fc518dda6b04bcbd08a8ddafb4b0316e5e1273e8f2ee310ceb6"
"data/study_01_published/raw/accepted/trust_step1_step3_dataset_radio_degradation_s3_seed3_run4.csv","714","f591a215f4c68678ef3b5f6d57432c0e19fc52fa4083621c25719eea27590dbe"
"data/study_01_published/raw/accepted/trust_step1_step3_dataset_radio_degradation_s3_seed3_run5.csv","725","1106ac45c0da1e3458bf6c1f5647282f0a92eed490e56a6677a8abd2eacc4496"
"data/study_01_published/raw/accepted/trust_step1_step3_dataset_radio_degradation_s3_seed4_run1.csv","714","998f5674ed216e155cc930f8272814c0faf275f7901fa05fc99a234a0cb04c24"
"data/study_01_published/raw/accepted/trust_step1_step3_dataset_radio_degradation_s3_seed4_run2.csv","725","1b5f89531c62857afd0536026fa64561b13e18b28956fc72b3586a0dc2999a64"
"data/study_01_published/raw/accepted/trust_step1_step3_dataset_radio_degradation_s3_seed4_run3.csv","723","19a1754ddb3a2c654edfcda73063a7630c143e04ee15eb8c3d52dc688441a79d"
"data/study_01_published/raw/accepted/trust_step1_step3_dataset_radio_degradation_s3_seed4_run4.csv","716","281436a90b0d92f6fa9360ad9762aa3920918c4fe446460918f19fc59826390d"
"data/study_01_published/raw/accepted/trust_step1_step3_dataset_radio_degradation_s3_seed4_run5.csv","725","8db61dc64cf231dd965cae2d1da9a27a317ea367d03f5471f252ecc68f108de3"
"data/study_01_published/raw/accepted/trust_step1_step3_dataset_radio_degradation_s3_seed5_run1.csv","726","507c8a77c0575fa889a8db23f4a63062d8be2e5015ddabbc59a0d1359932c443"
"data/study_01_published/raw/accepted/trust_step1_step3_dataset_radio_degradation_s3_seed5_run2.csv","723","552ab73cb035cbc7dd213121d52ca77a7f27d66949ff13c33de8f7925056d25e"
"data/study_01_published/raw/accepted/trust_step1_step3_dataset_radio_degradation_s3_seed5_run3.csv","725","c0122af66e5fa0cc9fd90eeeac0841d61d4b91b211f7de62f191ee659c49b4ea"
"data/study_01_published/raw/accepted/trust_step1_step3_dataset_radio_degradation_s3_seed5_run4.csv","724","eebbf11553bbe65f9db3e2c1edea540c144a08cfb7520d645a010c534c862594"
"data/study_01_published/raw/accepted/trust_step1_step3_dataset_radio_degradation_s3_seed5_run5.csv","725","db35b882e6b4dda51f7971ab582880b7d05fac0e0f61615bcbd9fcc0b8f6013a"
"data/study_01_published/raw/accepted/trust_step1_step3_dataset_radio_degradation_s3_seed6_run1.csv","725","98ffba9816b21c854065231544c9792417be7f4ea3880abc7b6c04bca7f642a5"
"data/study_01_published/raw/accepted/trust_step1_step3_dataset_radio_degradation_s3_seed6_run2.csv","725","98b5f8d35e9de8269c8d0a8828d2eb9eea9b3f5a2c40235c8b632a7dd54cd733"
"data/study_01_published/raw/accepted/trust_step1_step3_dataset_radio_degradation_s3_seed6_run3.csv","714","4e01294e5826bac94f6d78e2f6a50d7356347e8856cb6f7dd6923c8a04ace96a"
"data/study_01_published/raw/accepted/trust_step1_step3_dataset_radio_degradation_s3_seed6_run4.csv","726","328cc159d69aa775bc57d2bb77b9a7b14e57b8a2166b976345e4ec98a81f6c5b"
"data/study_01_published/raw/accepted/trust_step1_step3_dataset_radio_degradation_s3_seed6_run5.csv","725","ea53dcacb5bc7a186790af69fc4866bfdd878a4f4712f5dccc6db56653acfbb9"
"data/study_01_published/raw/accepted/trust_step1_step3_dataset_radio_degradation_s3_seed7_run1.csv","723","e5cff716449891f9573a45c6dbfccd1e68100d0ed88eae67073a0c470b79af11"
"data/study_01_published/raw/accepted/trust_step1_step3_dataset_radio_degradation_s3_seed7_run3.csv","723","74e93cb0efc22b6a2574ff54f85146bb1365e666d2def8176d4b265d12dbb409"
"data/study_01_published/raw/accepted/trust_step1_step3_dataset_radio_degradation_s3_seed7_run4.csv","725","979c0a89a43f0f317cb2223587ebf9c09ed82f6abdcf0e8d7c3b159363342d9e"
"data/study_01_published/raw/accepted/trust_step1_step3_dataset_radio_degradation_s3_seed7_run5.csv","714","6caea2222eba753608523cce25cfc0b4371bb534f75aebaeb486ab1f64a61e68"
"data/study_01_published/raw/accepted/trust_step1_step3_dataset_traffic_overload_s1_seed1_run1.csv","731","f03a8162ebbac766f33683672699a19e8be4771f018c37628fb70c796fac8720"
"data/study_01_published/raw/accepted/trust_step1_step3_dataset_traffic_overload_s1_seed1_run2.csv","732","d09b21349d360686f57e4fb1b05f51e62d6a88d31e235b0dc6ed2dd20b25fdcd"
"data/study_01_published/raw/accepted/trust_step1_step3_dataset_traffic_overload_s1_seed1_run3.csv","732","49c9373d17edaa9e079fa267379300d0b8b587582423e8c6e722113da9de65cc"
"data/study_01_published/raw/accepted/trust_step1_step3_dataset_traffic_overload_s1_seed1_run4.csv","732","65b5a51b8fef3ff1fbf6b606a2ec963a047e07ae3eb54271fb4cbb9dc1d58f29"
"data/study_01_published/raw/accepted/trust_step1_step3_dataset_traffic_overload_s1_seed1_run5.csv","731","91f4165b4597cd5076b6934a4af012cfc61dff549e747b2a9bcba1ce4e2717e5"
"data/study_01_published/raw/accepted/trust_step1_step3_dataset_traffic_overload_s1_seed2_run1.csv","732","891636d026e8cce44871b7ade2d32747d3a7657fa17dc109fcf27621b5334072"
"data/study_01_published/raw/accepted/trust_step1_step3_dataset_traffic_overload_s1_seed2_run2.csv","732","c666ed75a39e106673d6bfc48c0401752d0dd73649f3f5315ada9e20f527f8bf"
"data/study_01_published/raw/accepted/trust_step1_step3_dataset_traffic_overload_s1_seed2_run3.csv","730","5ddfe4276fd5229b87bf072b19ec95818bd953a04df74c589ce523a71cd9f264"
"data/study_01_published/raw/accepted/trust_step1_step3_dataset_traffic_overload_s1_seed2_run4.csv","732","d82ca9c0a901ee2f2c0370953a16ce07d6f5d26a319bdcef09fe5d54d8f8ede1"
"data/study_01_published/raw/accepted/trust_step1_step3_dataset_traffic_overload_s1_seed2_run5.csv","732","dbd20061c5f2e747b91d79c49ea0250344818d1255508154a7a1d707d330398e"
"data/study_01_published/raw/accepted/trust_step1_step3_dataset_traffic_overload_s1_seed3_run1.csv","732","48b02710e16ae3481c867e568469613f441af7986ba946ec9ef7b080119da391"
"data/study_01_published/raw/accepted/trust_step1_step3_dataset_traffic_overload_s1_seed3_run2.csv","730","ea633824314d3bc1a1054af0c84f5b74ef694b80f979d00a304deabac449fc4e"
"data/study_01_published/raw/accepted/trust_step1_step3_dataset_traffic_overload_s1_seed3_run4.csv","730","827be75463e255d216d424c3162265bb4ae18278fd15000ed0e19c388f14ac87"
"data/study_01_published/raw/accepted/trust_step1_step3_dataset_traffic_overload_s1_seed3_run5.csv","732","b0f455d544312c1232222c8f03ed9c85f7b46c1c7ebeae27bfd3077d30506c6d"
"data/study_01_published/raw/accepted/trust_step1_step3_dataset_traffic_overload_s1_seed4_run1.csv","730","15aca59a974d3338f26f2a1c32fe1a2c01cd3e6b8f9c37832ce52f26d586f1c2"
"data/study_01_published/raw/accepted/trust_step1_step3_dataset_traffic_overload_s1_seed4_run2.csv","732","eb5b9ef6954eed136c3a3f07db58ef1f78b331f8eced3642fd2c4456b7bd053e"
"data/study_01_published/raw/accepted/trust_step1_step3_dataset_traffic_overload_s1_seed4_run3.csv","732","9910594a905ef2a19dcdd56c23509934fff4e624193ffa8df259fa3b6e6548ff"
"data/study_01_published/raw/accepted/trust_step1_step3_dataset_traffic_overload_s1_seed4_run4.csv","732","bd9f277ab51d1d57e065448cc1fc33c4e2e86eeab1be3ce4dc4d090520b325d4"
"data/study_01_published/raw/accepted/trust_step1_step3_dataset_traffic_overload_s1_seed4_run5.csv","732","b1961fb85a84980ac83fcdd311a2b5e6a1bcbb69b210e321ef605847aed110cd"
"data/study_01_published/raw/accepted/trust_step1_step3_dataset_traffic_overload_s1_seed5_run1.csv","732","11d590f04c84fee2af03455de2d25df9a1f6efc7402677d633bfa6d38a39f423"
"data/study_01_published/raw/accepted/trust_step1_step3_dataset_traffic_overload_s1_seed5_run2.csv","732","d3ca27388cc818e28984e8c389e048f476926aa9b1c5fb391f215e27ec03ddc1"
"data/study_01_published/raw/accepted/trust_step1_step3_dataset_traffic_overload_s1_seed5_run3.csv","732","5ba48b18e144dbd807249ae656d72520e577345a7f6fd2a6fd0c044a71160277"
"data/study_01_published/raw/accepted/trust_step1_step3_dataset_traffic_overload_s1_seed5_run4.csv","732","648732f21261c0dd595da59df6fa94487ca121db78d00208fa0ab3551602ccc8"
"data/study_01_published/raw/accepted/trust_step1_step3_dataset_traffic_overload_s1_seed5_run5.csv","732","b2626668c6c73b8303470ff68368e217eaa2243eaf20414354c4431048356ac5"
"data/study_01_published/raw/accepted/trust_step1_step3_dataset_traffic_overload_s1_seed6_run1.csv","732","69748902cffb2b444db29642e6e339095cff36c0e0389b27029f601a9ecc9346"
"data/study_01_published/raw/accepted/trust_step1_step3_dataset_traffic_overload_s1_seed6_run2.csv","732","98f1135af9d071e05315d4af54d434944070ced04ef5f35147d81393de5cbd76"
"data/study_01_published/raw/accepted/trust_step1_step3_dataset_traffic_overload_s1_seed6_run3.csv","730","ff495cd8d9a7ceaeb1e227f7ecefedd8d7b5654d3bc652cf8a07bac6679ae067"
"data/study_01_published/raw/accepted/trust_step1_step3_dataset_traffic_overload_s1_seed6_run4.csv","732","9aa7aa154f0807bac24ea559dd4e3edfe5bd75c7b6ba8d31cc95b47db14c8680"
"data/study_01_published/raw/accepted/trust_step1_step3_dataset_traffic_overload_s1_seed6_run5.csv","732","0559f54328c0369837f7169b9a3b904183a8885c44f74037d67ad93743213b13"
"data/study_01_published/raw/accepted/trust_step1_step3_dataset_traffic_overload_s1_seed7_run1.csv","732","9d3929b2757792dd9e8aa3e2248382ce26cb0099c1398edb587cd23d78df2f4f"
"data/study_01_published/raw/accepted/trust_step1_step3_dataset_traffic_overload_s1_seed7_run3.csv","732","97e7bfd2cc776171c447e790a4e57f9f86445d6771b5fc31723f1a0f89f850a5"
"data/study_01_published/raw/accepted/trust_step1_step3_dataset_traffic_overload_s1_seed7_run4.csv","732","6ed585f6ce8e1d08ee7734107935985f6c3fc23a522822ba726768a6f7bcc26d"
"data/study_01_published/raw/accepted/trust_step1_step3_dataset_traffic_overload_s1_seed7_run5.csv","730","be1d1113ed989dd6a2691d6c4e0689c7f037470b0cc1c312ec841e47237e328a"
"data/study_01_published/raw/accepted/trust_step1_step3_dataset_traffic_overload_s2_seed1_run1.csv","731","c56f7e449efe0fcb1a62758b7486ccf2b747a9cb0bc3e5f3350ed77d87299a5d"
"data/study_01_published/raw/accepted/trust_step1_step3_dataset_traffic_overload_s2_seed1_run2.csv","733","f101d56f46a1532cb172fb93feb6486db31f9509c078688cb12113c6ee4e4952"
"data/study_01_published/raw/accepted/trust_step1_step3_dataset_traffic_overload_s2_seed1_run3.csv","733","87686c0d63e116f3ef1a3c4e376962f2622f1e658ee64de9ed14d8e4ebfcf5f5"
"data/study_01_published/raw/accepted/trust_step1_step3_dataset_traffic_overload_s2_seed1_run4.csv","733","7493ba177f89a378ac80f9f4f884d25b606d884750f9a2cddbbb85fd98a456de"
"data/study_01_published/raw/accepted/trust_step1_step3_dataset_traffic_overload_s2_seed1_run5.csv","731","a35f26e502d95b052f5432d25b94420147c36e5f1b3c641787bce397a1221e88"
"data/study_01_published/raw/accepted/trust_step1_step3_dataset_traffic_overload_s2_seed2_run1.csv","733","c53a67bc19957258f6fa10d78745914f1d1fa563114f636baf25e88b590e3cbb"
"data/study_01_published/raw/accepted/trust_step1_step3_dataset_traffic_overload_s2_seed2_run2.csv","733","1a278a3ab598c0a7a0aca3e5981c82f9e2378b3594ed8b1f956cb387e6a1954b"
"data/study_01_published/raw/accepted/trust_step1_step3_dataset_traffic_overload_s2_seed2_run3.csv","730","b9395a269fe98313a16b9891594d764fc5559f7c8881942549fc6e7479c528eb"
"data/study_01_published/raw/accepted/trust_step1_step3_dataset_traffic_overload_s2_seed2_run4.csv","733","19f17cedccaac4b01aa8ef0155c50ee18008639100bf6090d97028b2f12119ec"
"data/study_01_published/raw/accepted/trust_step1_step3_dataset_traffic_overload_s2_seed2_run5.csv","733","6f58f5b05c6cbc629f0461403659baeb7aac4523cf79a017a6d459bb41c87482"
"data/study_01_published/raw/accepted/trust_step1_step3_dataset_traffic_overload_s2_seed3_run1.csv","733","faee5e3ec51f307f12eeb4c8a2f001b5f6925ea109dc5ef78388f7586f81e2d9"
"data/study_01_published/raw/accepted/trust_step1_step3_dataset_traffic_overload_s2_seed3_run2.csv","730","6f8ff6a892961d1c1d57ff99f0de2c666f27e8d822e7e45d0c8416ab2b763851"
"data/study_01_published/raw/accepted/trust_step1_step3_dataset_traffic_overload_s2_seed3_run4.csv","730","9761faf45faac4aaaffca742219131da26dc4b595f00ca7e1b201f09797b8921"
"data/study_01_published/raw/accepted/trust_step1_step3_dataset_traffic_overload_s2_seed3_run5.csv","733","a00eb2455aaef26350cf3dfb7e06e8a22ed8d575ab39f4e793585e1a024e6a49"
"data/study_01_published/raw/accepted/trust_step1_step3_dataset_traffic_overload_s2_seed4_run1.csv","730","f5d252ddb36abbeb7efa9da899d4a3bdb92167c4c2b2ec9bf87453e983f493f6"
"data/study_01_published/raw/accepted/trust_step1_step3_dataset_traffic_overload_s2_seed4_run2.csv","733","516fae2b040c84415eb95acf7325e77b1cfa1dee50c41700af2b9965796d8c72"
"data/study_01_published/raw/accepted/trust_step1_step3_dataset_traffic_overload_s2_seed4_run3.csv","733","f4958b488e00c7af64198f3ec83ff0ec0f2f0c287bcce6a819fb12e5dac525d2"
"data/study_01_published/raw/accepted/trust_step1_step3_dataset_traffic_overload_s2_seed4_run4.csv","733","a858a3133834a45bdf96fd241ae64fa49add0e2e9c475d6e0b56e481d2c74db1"
"data/study_01_published/raw/accepted/trust_step1_step3_dataset_traffic_overload_s2_seed4_run5.csv","733","68251f9edfc5e0812b2cc24cb9ae7da1b722f2c44a971e70826930020a3bb1e5"
"data/study_01_published/raw/accepted/trust_step1_step3_dataset_traffic_overload_s2_seed5_run1.csv","733","0134e3c03f2f126d4fb7c382c85ac29237304613fec3b98f9ad776ebab4a83a8"
"data/study_01_published/raw/accepted/trust_step1_step3_dataset_traffic_overload_s2_seed5_run2.csv","733","0c9a18e273184084c83f98b3e2b8cbcc4260b404eca65310137ecaa765bacc23"
"data/study_01_published/raw/accepted/trust_step1_step3_dataset_traffic_overload_s2_seed5_run3.csv","733","f800b5669f4528cfb72773ad0db0aa70d4ce364045b3617d94468e43d8356bc7"
"data/study_01_published/raw/accepted/trust_step1_step3_dataset_traffic_overload_s2_seed5_run4.csv","733","08b874120c50ae7c9e262fe0fa4914b6412b87705be336fa49e01b8e2fdf503d"
"data/study_01_published/raw/accepted/trust_step1_step3_dataset_traffic_overload_s2_seed5_run5.csv","733","3e95009af44000068ffc572b99c7dce1f5015f6bfa6681d28b9723586ddbcf44"
"data/study_01_published/raw/accepted/trust_step1_step3_dataset_traffic_overload_s2_seed6_run1.csv","733","bf98516bedef2c87f5c93375c51dce5ae06fa34a88295faba6f49b34920208a8"
"data/study_01_published/raw/accepted/trust_step1_step3_dataset_traffic_overload_s2_seed6_run2.csv","733","f9568e1390d5c410caa209320f7335ccbdb125ca201761e3d9f0f928da4eea68"
"data/study_01_published/raw/accepted/trust_step1_step3_dataset_traffic_overload_s2_seed6_run3.csv","730","6301fcec291a3325588c09e948f8c139a7450c041cb9860ff8a317ad6d1c0328"
"data/study_01_published/raw/accepted/trust_step1_step3_dataset_traffic_overload_s2_seed6_run4.csv","733","8c8007ad0ef8b1797909c89480455226f31ef772069b23843c0334abef22bccb"
"data/study_01_published/raw/accepted/trust_step1_step3_dataset_traffic_overload_s2_seed6_run5.csv","733","cf9a64dc93cb6e3ee3f0db37b484236453d3762ebf597dda48bd933a19c9d2d8"
"data/study_01_published/raw/accepted/trust_step1_step3_dataset_traffic_overload_s2_seed7_run1.csv","733","46e767b2f014d4fdbf7fcf4480e46ef310e18de4358ae4af952d0b833d45b66a"
"data/study_01_published/raw/accepted/trust_step1_step3_dataset_traffic_overload_s2_seed7_run3.csv","733","1071a0f7c8609ac3f2e772287bc906480baecc33b5e3d17410d2449e62ecb84b"
"data/study_01_published/raw/accepted/trust_step1_step3_dataset_traffic_overload_s2_seed7_run4.csv","733","a8b06ac1de8b8dc741ed9f5e4208b3eb61409139b3fe4c8903a2d002036c6aaa"
"data/study_01_published/raw/accepted/trust_step1_step3_dataset_traffic_overload_s2_seed7_run5.csv","730","9a233d481531e70e58a383d0516499e64e5b63921fd4ec2d66b5fcca7b781b75"
"data/study_01_published/raw/accepted/trust_step1_step3_dataset_traffic_overload_s3_seed1_run1.csv","731","8008ed335e6c47954d5dc459d5f111297a58362da78c5667779d8ca9d9b567b2"
"data/study_01_published/raw/accepted/trust_step1_step3_dataset_traffic_overload_s3_seed1_run2.csv","733","48e0f9e8a058d3fb41421e201bc48a7ea2ed5fe67212873024ffef3dfa774e4b"
"data/study_01_published/raw/accepted/trust_step1_step3_dataset_traffic_overload_s3_seed1_run3.csv","733","f4671e50ac909a73170438e00a59d9f5e14a6463ffd54a75e055ccb9f373b4ef"
"data/study_01_published/raw/accepted/trust_step1_step3_dataset_traffic_overload_s3_seed1_run4.csv","733","4709dd2e0f3cb9bafe0f595c185bbb8122ee862b4f8f9bc9b33369788b75671d"
"data/study_01_published/raw/accepted/trust_step1_step3_dataset_traffic_overload_s3_seed1_run5.csv","731","8dde9691d31094738280091bf3d9a589f9f1a635d189dc82e04c4583b11e4f2c"
"data/study_01_published/raw/accepted/trust_step1_step3_dataset_traffic_overload_s3_seed2_run1.csv","733","6e0950cebae43fd77144e4ffd74ed758f79caa25bb8e64aa623b8db65e591b5c"
"data/study_01_published/raw/accepted/trust_step1_step3_dataset_traffic_overload_s3_seed2_run2.csv","733","88bd3cf95bb25d0ea4233d05f884736baad3f990b4b7d5a5380066a77972ee37"
"data/study_01_published/raw/accepted/trust_step1_step3_dataset_traffic_overload_s3_seed2_run3.csv","730","8a9b3e3f10c0ed3f9cf85c6790f080ca4be6943bddbb6d4a144123157d06c1ea"
"data/study_01_published/raw/accepted/trust_step1_step3_dataset_traffic_overload_s3_seed2_run4.csv","733","684660dd6e3f1567807427cda8983a4745a8ca7310e2ed1aadb9ed9fc4758580"
"data/study_01_published/raw/accepted/trust_step1_step3_dataset_traffic_overload_s3_seed2_run5.csv","733","b2211fc7d0b971df0766b32e6ae626684ee909368b2f9112a2a019c85f9afca6"
"data/study_01_published/raw/accepted/trust_step1_step3_dataset_traffic_overload_s3_seed3_run1.csv","733","7947be90af00579da228843bbe63c22c18deb607e8814bff37c4ab6540ba9ae6"
"data/study_01_published/raw/accepted/trust_step1_step3_dataset_traffic_overload_s3_seed3_run2.csv","730","68eee654a5c6cd3cb36cf45ed432bb542cbbba89c0e6cd64a6335d7e97a0a99f"
"data/study_01_published/raw/accepted/trust_step1_step3_dataset_traffic_overload_s3_seed3_run4.csv","730","0d89d9af1e83f8f1082dc7f7353737a5e7912319d1e374f8291f092094b1b795"
"data/study_01_published/raw/accepted/trust_step1_step3_dataset_traffic_overload_s3_seed3_run5.csv","733","fd80ae8c41b6977dac07a905c9faec9d19980078dac332ecb0f10dc5febfd485"
"data/study_01_published/raw/accepted/trust_step1_step3_dataset_traffic_overload_s3_seed4_run1.csv","730","bb1bd188514cc550c4c871f0a1abfb7ba5c7961cfbb3beb133ff61879a44797e"
"data/study_01_published/raw/accepted/trust_step1_step3_dataset_traffic_overload_s3_seed4_run2.csv","733","bcb492b0ce7b7c199fbd654ac4d2c3a855ba625baf4d7a9e951bc23d171e244c"
"data/study_01_published/raw/accepted/trust_step1_step3_dataset_traffic_overload_s3_seed4_run3.csv","733","430c1ac525f011330a42c553bb04e0df6620c05e8cd0367201f51ebff2f973c4"
"data/study_01_published/raw/accepted/trust_step1_step3_dataset_traffic_overload_s3_seed4_run4.csv","734","db1f2ed8392d22cae56215323a51a3ca7ff9a2852ef9b88a194dc4ac9430de06"
"data/study_01_published/raw/accepted/trust_step1_step3_dataset_traffic_overload_s3_seed4_run5.csv","733","93bbadb4efc7645fa2265eebc09d5e98baf8d5548b621c46d130d133c9784fd5"
"data/study_01_published/raw/accepted/trust_step1_step3_dataset_traffic_overload_s3_seed5_run1.csv","733","e891d078f886c34667b396b0b7ec2ae68254da27ecfb6041f8bde21a345e9665"
"data/study_01_published/raw/accepted/trust_step1_step3_dataset_traffic_overload_s3_seed5_run2.csv","733","3fce067b8ad6f046854d92f2f3c163d7736a13292e040f78e0d161c3b057090f"
"data/study_01_published/raw/accepted/trust_step1_step3_dataset_traffic_overload_s3_seed5_run3.csv","733","b8beb4bc7e99cb1ff378db26246789ca9e8bc60de31060880c376b504296ec98"
"data/study_01_published/raw/accepted/trust_step1_step3_dataset_traffic_overload_s3_seed5_run4.csv","733","babcbd54f2b3c06d298acb2ddadb74d4163b8cd01723df228024a01e42492aa1"
"data/study_01_published/raw/accepted/trust_step1_step3_dataset_traffic_overload_s3_seed5_run5.csv","733","67e302eaeb26055e244256f90851688385148485d140f7a5912e5a2cbc3af6ee"
"data/study_01_published/raw/accepted/trust_step1_step3_dataset_traffic_overload_s3_seed6_run1.csv","733","8a1cfe3cb9ff81258ed527509b69827e2b2825743b70e8755434f13eede8c870"
"data/study_01_published/raw/accepted/trust_step1_step3_dataset_traffic_overload_s3_seed6_run2.csv","733","f4dd2746afa922f938d08650bbe3fb5f58e2e13546e256ec7e20ead44a48c519"
"data/study_01_published/raw/accepted/trust_step1_step3_dataset_traffic_overload_s3_seed6_run3.csv","730","199ee3a5dbd9b40f23c82236f000b40c2022bcdb65cba269c5fa67f80ea8d5af"
"data/study_01_published/raw/accepted/trust_step1_step3_dataset_traffic_overload_s3_seed6_run4.csv","733","035fc65400d6546c65d46c1baa27673575753369a777d7e79e027f7f03b1d7a0"
"data/study_01_published/raw/accepted/trust_step1_step3_dataset_traffic_overload_s3_seed6_run5.csv","733","71712f52ba8fe68241e1f69ecaa36da73f4cc0f3a5c66b61f1c16fc527fb4470"
"data/study_01_published/raw/accepted/trust_step1_step3_dataset_traffic_overload_s3_seed7_run1.csv","733","38611c67be1f7274d2931cbfab90361135e3ad57c66154ee71e996e7da9faa67"
"data/study_01_published/raw/accepted/trust_step1_step3_dataset_traffic_overload_s3_seed7_run3.csv","733","25549b5045e90373986a6f2f2dbfb5469e7c5f4f9417945c1e03a586cc9fefa3"
"data/study_01_published/raw/accepted/trust_step1_step3_dataset_traffic_overload_s3_seed7_run4.csv","733","428bab8a6fd682887b14a77f01303950bf098729478daed6c9498acd72b2171b"
"data/study_01_published/raw/accepted/trust_step1_step3_dataset_traffic_overload_s3_seed7_run5.csv","730","87607f742747909914bfb43bc18c61bfd7161107ff67ac89f061f3ed87525c5f"
"data/study_01_published/raw/quarantine/trust_step1_step3_dataset_none_s0_seed3_run3.csv","699","00c4f9e7c30cae93c854937f16d59936002f3abe1aa517d302e3f58a5b925984"
"data/study_01_published/raw/quarantine/trust_step1_step3_dataset_none_s0_seed7_run2.csv","700","3b115e931acf1578ed90472a887339911814654915691562c7d7fa84c70a4ad2"
"data/study_01_published/raw/quarantine/trust_step1_step3_dataset_radio_degradation_s1_seed3_run3.csv","725","fa12f45f6d36a1e9c67ad8ce93952f791f381394ba9b94c0cc41022a2a7928c4"
"data/study_01_published/raw/quarantine/trust_step1_step3_dataset_radio_degradation_s1_seed7_run2.csv","723","5cf0d155c7e7021643b1103d50175e2e962c59c0c102958976c246fcdb6712a8"
"data/study_01_published/raw/quarantine/trust_step1_step3_dataset_radio_degradation_s2_seed3_run3.csv","726","8307fd3c03ce1331af593624a6b88fc70e5dfeea600b66360b7de83ab318280a"
"data/study_01_published/raw/quarantine/trust_step1_step3_dataset_radio_degradation_s2_seed7_run2.csv","723","50974ece5a019762165a9704e2b9df4d6449d573aa4c6755efce1984fb3696f0"
"data/study_01_published/raw/quarantine/trust_step1_step3_dataset_traffic_overload_s1_seed3_run3.csv","732","eaaf7fd9585208ccd0de9399f63b0c367da5b42c6d589a0a6b85155335639647"
"data/study_01_published/raw/quarantine/trust_step1_step3_dataset_traffic_overload_s1_seed7_run2.csv","730","3802656b28b2eebacd328854cc84129f80890c072345477764acba112fd5342d"
"data/study_01_published/raw/quarantine/trust_step1_step3_dataset_traffic_overload_s2_seed3_run3.csv","733","512fe6eb7365df521252bd6df02e61e315662eba63a2d232b6b79b372d1c53e6"
"data/study_01_published/raw/quarantine/trust_step1_step3_dataset_traffic_overload_s2_seed7_run2.csv","730","3f11a094f4b63ddd4488bbce2dbc43e4e495127c7ec5407f2a39fcb3a41f08b5"
"data/study_01_published/raw/quarantine/trust_step1_step3_dataset_traffic_overload_s3_seed3_run3.csv","733","cbc6dde6ac76100b84b16fe54f07d435604aa167ccd7358eedb025cd9793036a"
"data/study_01_published/raw/quarantine/trust_step1_step3_dataset_traffic_overload_s3_seed7_run2.csv","730","8c6e6af89bb2ca4113ff9ef26d12f69cab8815292ef9015e64f658730f2bb30f"
"notebooks/study_01_published/Fault_feature_type_engineering.ipynb","198916","abb4a490d990f5098096e04f96a53a6030c545fdfd65053a4a8b6ba7ed9592fe"
